"Reference","Qty","Value","DNP","Exclude from BOM","Exclude from Board","Footprint","Datasheet"
"BT1","1","Battery_Cell","","","","Battery:Battery_Panasonic_CR1025-VSK_Vertical_CircularHoles","~"
"BZ2","1","Buzzer","","","","Buzzer_Beeper:Buzzer_12x9.5RM7.6","~"
"C1,C2,C3,C6,C7","5","150nF","","","","Capacitor_SMD:C_0805_2012Metric_Pad1.18x1.45mm_HandSolder","~"
"C4","1","470 мкФ","","","","Capacitor_THT:CP_Radial_D5.0mm_P2.00mm","~"
"C5","1","47 mF","","","","Capacitor_THT:CP_Radial_D5.0mm_P2.00mm","~"
"D1","1","~","","","","BMS_1S_5V:BMS_1S_5V",""
"D2","1","IR204A_LED_RIGHT","","","","LED_THT:LED_D3.0mm_IRBlack","http://www.everlight.com/file/ProductFile/IR204-A.pdf"
"D3","1","IR204A_LED_CENTER","","","","LED_THT:LED_D3.0mm_IRBlack","http://www.everlight.com/file/ProductFile/IR204-A.pdf"
"D4","1","IR204A_LED_LEFT","","","","LED_THT:LED_D3.0mm_IRBlack","http://www.everlight.com/file/ProductFile/IR204-A.pdf"
"D5","1","IR204A_Laser","","","","LED_THT:LED_D3.0mm_IRBlack","http://www.everlight.com/file/ProductFile/IR204-A.pdf"
"D6","1","IR204A_Led_Strip","","","","LED_THT:LED_D3.0mm_IRBlack","http://www.everlight.com/file/ProductFile/IR204-A.pdf"
"Q1","1","AO3401A","","","","Package_TO_SOT_SMD:SOT-23","http://www.aosmd.com/pdfs/datasheet/AO3401A.pdf"
"Q2","1","AO3400A","","","","Package_TO_SOT_SMD:SOT-23_Handsoldering","http://www.aosmd.com/pdfs/datasheet/AO3400A.pdf"
"R1,R2,R3,R4,R5","5","100 Om","","","","Resistor_SMD:R_1206_3216Metric_Pad1.30x1.75mm_HandSolder","~"
"R6,R8,R10,R11","4","100 kOm","","","","Resistor_SMD:R_1206_3216Metric_Pad1.30x1.75mm_HandSolder","~"
"R7,R9","2","1 kOm","","","","Resistor_SMD:R_1206_3216Metric_Pad1.30x1.75mm_HandSolder","~"
"R12","1","R_Photo","","","","OptoDevice:R_LDR_4.9x4.2mm_P2.54mm_Vertical","~"
"R13","1","10 кOm","","","","Resistor_SMD:R_1206_3216Metric_Pad1.30x1.75mm_HandSolder","~"
"SW1","1","SW_Power","","","","Button_Switch_SMD:SW_SPST_Omron_B3FS-101xP","~"
"SW2","1","SW_mode","","","","Button_Switch_SMD:SW_SPST_Omron_B3FS-101xP","~"
"U1","1","~","","","","ESP32-C3-SuperMini:ESP32-C3-SuperMini",""
"U2","1","OC09600","","","","OC09600:MODULE_OC09600",""
"U3","1","ULN2003A","","","","Package_DIP:DIP-16_W7.62mm_LongPads","http://www.ti.com/lit/ds/symlink/uln2003a.pdf"
